Rank,Job ID,Title,Level,TF-IDF %,Skill %,Match %,Matched Skills,Missing Skills,Resume
1,NET-F-001,.NET Developer,Fresher,51.7,68.4,58.4,".NET, ASP.NET, ASP.NET MVC, C#, CSS, Entity Framework, Git, HTML, LINQ, MVC, SQL Server, Unit Testing, Visual Studio",".NET Core fundamentals, .NET Framework, Entity Framework basics, JavaScript basics, Unit Testing basics, VB.NET basics",demo_alexa_net_fresher.docx.txt
2,NET-F-008,.NET Developer,Fresher,46.8,75.0,58.1,".NET, ASP.NET MVC, C#, Entity Framework, LINQ, SQL Server",".NET Framework basics, Entity Framework basics",demo_alexa_net_fresher.docx.txt
3,NET-F-005,.NET Developer,Fresher,40.3,81.8,56.9,".NET, ASP.NET, ASP.NET MVC, C#, CSS, Entity Framework, HTML, MVC, SQL Server","Entity Framework basics, JavaScript basics",demo_alexa_net_fresher.docx.txt
4,NET-F-004,.NET Developer,Fresher,34.8,81.8,53.6,".NET, ASP.NET, C#, CSS, Entity Framework, HTML, LINQ, SQL Server, Visual Studio",".NET Framework, ASP.NET basics",demo_alexa_net_fresher.docx.txt
5,NET-F-010,.NET Developer,Fresher,37.2,75.0,52.3,".NET, ASP.NET MVC, C#, Entity Framework, Git, SQL Server",".NET Core basics, Entity Framework basics",demo_alexa_net_fresher.docx.txt
6,NET-F-007,.NET Developer,Fresher,27.7,77.8,47.7,".NET, ASP.NET MVC, C#, CSS, HTML, SQL Server, Visual Studio",".NET Core basics, VB.NET",demo_alexa_net_fresher.docx.txt
7,NET-F-009,.NET Developer,Fresher,21.9,85.7,47.4,".NET, ASP.NET, C#, CSS, HTML, SQL Server",.NET Framework,demo_alexa_net_fresher.docx.txt
8,NET-F-003,.NET Developer,Fresher,30.3,72.7,47.3,".NET, ASP.NET MVC, C#, CSS, Entity Framework, Git, HTML, SQL Server",".NET Core, JavaScript basics, VB.NET basics",demo_alexa_net_fresher.docx.txt
9,NET-F-002,.NET Developer,Fresher,35.7,64.3,47.1,".NET, ASP.NET, ASP.NET MVC, C#, CSS, Entity Framework, HTML, SQL Server, Unit Testing",".NET Framework basics, Entity Framework basics, JavaScript basics, NUnit basics, Razor",demo_alexa_net_fresher.docx.txt
10,NET-F-006,.NET Developer,Fresher,20.2,66.7,38.8,".NET, ASP.NET, C#, Git, SQL Server, Unit Testing",".NET Framework, NUnit basics, Razor",demo_alexa_net_fresher.docx.txt
1,AI015,AI Engineer - Experienced,Senior-Level,48.3,72.4,58.0,"AI, AWS, Azure, CI/CD, Cloud, Deep Learning, Docker, Hadoop, Hugging Face, Keras, Kubernetes, LLMs, ML, MLOps, NLP, PyTorch, Python, SHAP, Scikit-learn, Spark, TensorFlow","C++, Computer Vision, GCP, Java, LIME, R, Reinforcement Learning, Senior-Level",demo_rahul_ai_senior.docx.txt
2,AI020,AI Engineer - Experienced,Senior-Level,45.9,70.0,55.6,"AI, AWS, Azure, CI/CD, Cloud, Deep Learning, Docker, Hadoop, Hugging Face, Keras, Kubernetes, LLMs, ML, MLOps, NLP, PyTorch, Python, SHAP, Scikit-learn, Spark, TensorFlow","C++, Computer Vision, GCP, Java, LIME, ONNX, R, Reinforcement Learning ...",demo_rahul_ai_senior.docx.txt
3,AI017,,Senior-Level,44.4,72.4,55.6,"AI, AWS, Azure, CI/CD, Cloud, Deep Learning, Docker, Hadoop, Hugging Face, Keras, Kubernetes, LLMs, ML, MLOps, NLP, PyTorch, Python, SHAP, Scikit-learn, Spark, TensorFlow","C++, Computer Vision, GCP, Java, LIME, R, Reinforcement Learning, Senior-Level",demo_rahul_ai_senior.docx.txt
4,AI012,AI Engineer - Experienced,Senior-Level,44.0,72.4,55.4,"AI, AWS, Azure, CI/CD, Cloud, Deep Learning, Docker, Hadoop, Hugging Face Transformers, Keras, Kubernetes, LLMs, ML, MLOps, NLP, PyTorch, Python, SHAP, Scikit-learn, Spark, TensorFlow","C++, Computer Vision, GCP, Java, LIME, R, Reinforcement Learning, Senior-Level",demo_rahul_ai_senior.docx.txt
5,AI011,AI Engineer - Experienced,Senior-Level,43.0,70.0,53.8,"AI, AWS, Azure, CI/CD, Cloud, Deep Learning, Docker, Hadoop, Hugging Face Transformers, Kubernetes, LLMs, ML, MLOps, Model Monitoring, NLP, PyTorch, Python, SHAP, Scikit-learn, Spark, TensorFlow","C++, Computer Vision, GCP, Generative AI, Java, LIME, ONNX, R ...",demo_rahul_ai_senior.docx.txt
6,AI010,AI Engineer - Experienced,Mid-Senior Level,46.2,64.5,53.5,"AI, AWS, Azure, CI/CD, Cloud, Deep Learning, Docker, Hadoop, Hugging Face Transformers, Kubernetes, LLMs, ML, MLOps, Model Monitoring, NLP, PyTorch, Python, SHAP, Scikit-learn, TensorFlow","Apache Spark, C++, Computer Vision, GCP, Generative AI, Java, LIME, Mid-Senior Level ...",demo_rahul_ai_senior.docx.txt
7,AI018,AI Engineer - Experienced,Senior-Level,40.5,72.4,53.3,"AI, AWS, Azure, CI/CD, Cloud, Deep Learning, Docker, Hadoop, Hugging Face, Keras, Kubernetes, LLMs, ML, MLOps, NLP, PyTorch, Python, SHAP, Scikit-learn, Spark, TensorFlow","C++, Computer Vision, GCP, Java, LIME, R, Reinforcement Learning, Senior-Level",demo_rahul_ai_senior.docx.txt
8,AI016,AI Engineer - Experienced,Senior-Level,41.4,70.0,52.8,"AI, AWS, Azure, CI/CD, Cloud, Deep Learning, Docker, Hadoop, Hugging Face, Keras, Kubernetes, LLMs, ML, MLOps, NLP, PyTorch, Python, SHAP, Scikit-learn, Spark, TensorFlow","C++, Computer Vision, GCP, Generative AI, Java, LIME, ONNX, R ...",demo_rahul_ai_senior.docx.txt
9,AI013,AI Engineer - Experienced,Senior-Level,41.1,69.0,52.3,"AI, AWS, Azure, CI/CD, Cloud, Deep Learning, Docker, Hadoop, Hugging Face, Kubernetes, LLMs, ML, MLOps, NLP, PyTorch, Python, SHAP, Scikit-learn, Spark, TensorFlow","C++, Computer Vision, GCP, Java, LIME, ONNX, R, Reinforcement Learning ...",demo_rahul_ai_senior.docx.txt
10,AI014,AI Engineer - Experienced,Senior-Level,38.3,70.0,51.0,"AI, AWS, Azure, CI/CD, Cloud, Deep Learning, Docker, Hadoop, Hugging Face, Keras, Kubernetes, LLMs, ML, MLOps, NLP, PyTorch, Python, SHAP, Scikit-learn, Spark, TensorFlow","C++, Computer Vision, GCP, Generative AI, Java, LIME, ONNX, R ...",demo_rahul_ai_senior.docx.txt
1,2,Full Stack Developer - Entry Level,Fresher,29.0,63.2,42.7,"Agile, CSS, Flask, Full Stack Developer, Git, HTML, JavaScript, MongoDB, MySQL, Node.js, PostgreSQL, React","Angular, Backend, Entry-Level, Fresher, Frontend, Vue.js, Web Development",demo_sara_fullstack.docx.txt
2,12,Full Stack Developer - Experienced,Experienced,33.1,53.8,41.4,"Agile, CI/CD, CSS, Django, Docker, Flask, Full Stack Developer, Git, HTML, MongoDB, MySQL, Node.js, PostgreSQL, React","Angular, Backend, Cloud Development, Cloud Platforms, Experienced, Frontend, JavaScript (ES6+), Kubernetes ...",demo_sara_fullstack.docx.txt
3,WEB-E-013,Web Developer,Experienced,17.7,70.0,38.6,"AWS, Docker, JavaScript, MongoDB, Node.js, REST APIs, React","Express.js, GraphQL, Kubernetes",demo_sara_fullstack.docx.txt
4,7,Full Stack Developer - Entry Level,Fresher,23.5,61.1,38.5,"Agile, CSS, Django, Full Stack Developer, Git, HTML, JavaScript, MongoDB, MySQL, Node.js, React","Angular, Backend, Entry-Level, Fresher, Frontend, Vue.js, Web Development",demo_sara_fullstack.docx.txt
5,5,Full Stack Developer - Entry Level,Fresher,28.4,52.6,38.1,"Agile, CSS, Django, Flask, Full Stack Developer, Git, HTML, JavaScript, Node.js, React","Angular, Backend, Entry-Level, Fresher, Frontend, NoSQL, SQL, Vue.js ...",demo_sara_fullstack.docx.txt
6,16,Full Stack Developer - Experienced,Experienced,27.9,53.6,38.1,"Agile, CI/CD, CSS, Django, Docker, Flask, Full Stack Developer, Git, HTML, MongoDB, MySQL, Node.js, PostgreSQL, RESTful APIs, React","Angular, Backend, Cloud, Cloud Platforms, Enterprise Applications, Experienced, Frontend, JavaScript (ES6+) ...",demo_sara_fullstack.docx.txt
7,WEB-E-019,Web Developer,Experienced,16.7,70.0,38.0,"AWS, Docker, JavaScript, MongoDB, Node.js, REST APIs, React","Express.js, GraphQL, Kubernetes",demo_sara_fullstack.docx.txt
8,SE-E18,Software Engineer - Experienced,Experienced,17.9,66.7,37.4,"Agile, CSS, Git, HTML, JavaScript, REST APIs, React, Redux","Front-End, Mentoring, Software Engineer, Testing",demo_sara_fullstack.docx.txt
9,WEB-E-011,Web Developer,Experienced,17.6,66.7,37.2,"AWS, CI/CD, Docker, JavaScript, MongoDB, Node.js, REST APIs, React","Express.js, GraphQL, SQL, TypeScript",demo_sara_fullstack.docx.txt
10,15,Full Stack Developer - Experienced,Experienced,25.9,52.0,36.4,"Agile, CI/CD, Django, Docker, Flask, Full Stack Developer, Git, JavaScript, MongoDB, MySQL, Node.js, PostgreSQL, React","Angular, Backend, CSS3, Cloud, Experienced, Frontend, HTML5, Kubernetes ...",demo_sara_fullstack.docx.txt
